100 Mile House,Cariboo
A3NNW,North
Border,Okanagan
Boundary,Kootenay
Burnaby,Vancouver Coast
Cache Creek,Okanagan
Capital Region,Vancouver Island
Cariboo Lakes,Cariboo
Coquihalla,Okanagan
Cowichan Valley,Vancouver Island
Fraser Valley,Vancouver Coast
Gulf Islands,Vancouver Island
Invermere,Kootenay
Kamloops,Okanagan
Kelowna,Okanagan
Lillooet,Vancouver Coast
Nanaimo,Vancouver Island,
Nass,North,
Nelson,Kootenay,
North Island,Vancouver Island,
North Shore,Vancouver Coast,
Northern Lakes,North,
Parksville,Vancouver Island,
Peace River,North,
Powell River,Vancouver Coast,
Prince George,North,fffff
Prince Rupert,North,
Quad Cities,Vancouver Coast,
Queen Charlotte,North,
Quesnel,Cariboo,
Revelstoke,Kootenay,
Richmond,Vancouver Coast,
Shuswaps,Okanagan
Skeena,North
South Fraser,Vancouver Coast
South Shore,Vancouver Coast
Southeast,Kootenay
SPECIAL,Vancouver Island
Strathcona,Vancouver Island
Summerland,Okanagan
Sunshine Coast,Vancouver Coast
Trail,Kootenay
Unknown,Vancouver Island
Upper Thompson,Okanagan
Vancouver,Vancouver Coast
Vernon,Okanagan
West Coast,Vancouver Island
Whistler,Vancouver Coast
Williams Lake,Cariboo
